FileName,Mark
S_1_hppscan114.png,31
S_1_hppscan116.png,27
S_1_hppscan117.png,37
S_1_hppscan119.png,31
S_1_hppscan12.png,24
S_1_hppscan120.png,32
S_1_hppscan121.png,31
S_1_hppscan122.png,28
S_1_hppscan123.png,39
S_1_hppscan125.png,28
S_1_hppscan128.png,28
S_1_hppscan129.png,43
S_1_hppscan134.png,39
S_1_hppscan137.png,15
S_1_hppscan14.png,18
S_1_hppscan16.png,26
S_2_hppscan115.png,29
S_2_hppscan119.png,32
S_2_hppscan121.png,32
S_2_hppscan122.png,32
S_2_hppscan124.png,18
S_2_hppscan125.png,36
S_2_hppscan126.png,39
S_2_hppscan128.png,26
S_2_hppscan130.png,32
S_2_hppscan132.png,35
S_2_hppscan135.png,28
S_2_hppscan15.png,27
S_3_hppscan1.png,39
S_3_hppscan112.png,30
S_3_hppscan114.png,35
S_3_hppscan115.png,25
S_3_hppscan116.png,32
S_3_hppscan12.png,31
S_3_hppscan121.png,11
S_3_hppscan123.png,28
S_3_hppscan124.png,22
S_3_hppscan126.png,29
S_3_hppscan129.png,34
S_3_hppscan135.png,29
S_3_hppscan136.png,29
S_3_hppscan14.png,31
S_3_hppscan140.png,41
S_3_hppscan141.png,24
S_3_hppscan15.png,31
S_3_hppscan17.png,32
S_4_hppscan1.png,26
S_4_hppscan117.png,41
S_4_hppscan119.png,38
S_4_hppscan120.png,34
S_4_hppscan127.png,25
S_4_hppscan129.png,23
S_4_hppscan19.png,29
S_5_hppscan1.png,24
S_5_hppscan111.png,31
S_5_hppscan113.png,28
S_5_hppscan116.png,31
S_5_hppscan117.png,27
S_5_hppscan118.png,39
S_5_hppscan123.png,18
S_5_hppscan125.png,35
S_5_hppscan127.png,28
S_5_hppscan129.png,29
S_5_hppscan134.png,41
S_5_hppscan138.png,25
S_5_hppscan140.png,28
S_5_hppscan143.png,29
S_5_hppscan15.png,29
S_5_hppscan17.png,32
S_5_hppscan18.png,32
S_6_hppscan1.png,36
S_6_hppscan110.png,34
S_6_hppscan111.png,32
S_6_hppscan112.png,34
S_6_hppscan114.png,34
S_6_hppscan115.png,22
S_6_hppscan117.png,33
S_6_hppscan122.png,28
S_6_hppscan126.png,41
S_6_hppscan129.png,38
S_6_hppscan133.png,35
S_6_hppscan14.png,24
S_6_hppscan18.png,31
S_7_hppscan1.png,34
S_7_hppscan110.png,23
S_7_hppscan113.png,24
S_7_hppscan115.png,31
S_7_hppscan116.png,40
S_7_hppscan117.png,40
S_7_hppscan121.png,30
S_7_hppscan122.png,34
S_7_hppscan124.png,38
S_7_hppscan129.png,29
S_7_hppscan13.png,31
S_7_hppscan134.png,25
S_7_hppscan136.png,27
S_7_hppscan137.png,19
S_7_hppscan139.png,40
S_7_hppscan14.png,21
S_7_hppscan141.png,40
S_7_hppscan142.png,37
S_8_hppscan1.png,35
S_8_hppscan113.png,30
S_8_hppscan114.png,31
S_8_hppscan115.png,33
S_8_hppscan126.png,21
S_8_hppscan134.png,28
S_8_hppscan138.png,21
S_8_hppscan139.png,37
S_8_hppscan143.png,24
S_8_hppscan144.png,29
S_8_hppscan145.png,39
S_8_hppscan17.png,42
S_9_hppscan114.png,24
S_9_hppscan117.png,31
S_9_hppscan121.png,34
S_9_hppscan122.png,37
S_9_hppscan123.png,29
S_9_hppscan126.png,17
S_9_hppscan127.png,15
S_9_hppscan16.png,35
S_9_hppscan19.png,25
S_10_hppscan1.png,29
S_10_hppscan112.png,25
S_10_hppscan114.png,29
S_10_hppscan115.png,35
S_10_hppscan120.png,39
S_10_hppscan121.png,33
S_10_hppscan127.png,33
S_10_hppscan16.png,37
S_10_hppscan18.png,29
S_11_hppscan112.png,31
S_11_hppscan114.png,36
S_11_hppscan12.png,24
S_11_hppscan120.png,34
S_11_hppscan121.png,34
S_11_hppscan126.png,39
S_11_hppscan128.png,37
S_11_hppscan129.png,25
S_11_hppscan13.png,24
S_11_hppscan130.png,44
S_11_hppscan134.png,37
S_11_hppscan136.png,35
S_11_hppscan139.png,21
S_11_hppscan143.png,34
S_11_hppscan145.png,27
S_11_hppscan146.png,42
S_11_hppscan147.png,40
S_11_hppscan148.png,19
S_11_hppscan18.png,22
S_11_hppscan19.png,26
S_12_hppscan111.png,39
S_12_hppscan114.png,30
S_12_hppscan116.png,30
S_12_hppscan117.png,24
S_12_hppscan118.png,25
S_12_hppscan120.png,38
S_12_hppscan121.png,26
S_12_hppscan124.png,31
S_12_hppscan125.png,42
S_12_hppscan131.png,25
S_12_hppscan132.png,29
S_13_hppscan1.png,39
S_13_hppscan113.png,31
S_13_hppscan114.png,27
S_13_hppscan115.png,29
S_13_hppscan119.png,32
S_13_hppscan12.png,32
S_13_hppscan120.png,32
S_13_hppscan121.png,27
S_13_hppscan122.png,35
S_13_hppscan127.png,26
S_13_hppscan129.png,26
S_13_hppscan130.png,28
S_13_hppscan15.png,32
S_14_hppscan1.png,34
S_14_hppscan118.png,31
S_14_hppscan121.png,25
S_14_hppscan123.png,18
S_14_hppscan124.png,21
S_14_hppscan127.png,31
S_14_hppscan128.png,20
S_14_hppscan129.png,38
S_15_hppscan1.png,39
S_15_hppscan110.png,31
S_15_hppscan113.png,33
S_15_hppscan116.png,30
S_15_hppscan119.png,34
S_15_hppscan127.png,28
S_15_hppscan13.png,32
S_15_hppscan130.png,28
S_16_hppscan111.png,38
S_16_hppscan113.png,34
S_16_hppscan120.png,33
S_16_hppscan121.png,28
S_16_hppscan124.png,35
S_16_hppscan130.png,40
S_16_hppscan131.png,36
S_16_hppscan132.png,27
S_16_hppscan15.png,34
S_16_hppscan18.png,30
S_17_hppscan1.png,21
S_17_hppscan110.png,22
S_17_hppscan115.png,26
S_17_hppscan117.png,32
S_17_hppscan118.png,34
S_17_hppscan119.png,35
S_17_hppscan122.png,34
S_17_hppscan127.png,20
S_17_hppscan128.png,34
S_17_hppscan13.png,32
S_17_hppscan131.png,21
S_17_hppscan16.png,27
S_17_hppscan17.png,34
S_18_hppscan1.png,24
S_18_hppscan111.png,33
S_18_hppscan113.png,26
S_18_hppscan119.png,19
S_18_hppscan121.png,29
S_18_hppscan127.png,30
S_18_hppscan129.png,32
S_18_hppscan18.png,38
S_19_hppscan1.png,26
S_19_hppscan128.png,26
S_19_hppscan129.png,32
S_19_hppscan137.png,28
S_19_hppscan140.png,28
S_19_hppscan142.png,33
S_19_hppscan17.png,26
S_20_hppscan110.png,33
S_20_hppscan114.png,28
S_20_hppscan118.png,35
S_20_hppscan119.png,34
S_20_hppscan12.png,29
S_20_hppscan121.png,30
S_20_hppscan123.png,39
S_20_hppscan130.png,38
S_20_hppscan14.png,34
S_20_hppscan141.png,27
S_21_hppscan111.png,24
S_21_hppscan112.png,31
S_21_hppscan114.png,35
S_21_hppscan116.png,28
S_21_hppscan118.png,27
S_21_hppscan119.png,42
S_21_hppscan121.png,29
S_21_hppscan124.png,27
S_21_hppscan127.png,30
S_21_hppscan13.png,35
S_21_hppscan132.png,22
S_21_hppscan15.png,40
S_21_hppscan16.png,36
S_21_hppscan17.png,22
S_22_hppscan111.png,25
S_22_hppscan114.png,29
S_22_hppscan115.png,27
S_22_hppscan117.png,24
S_22_hppscan118.png,29
S_22_hppscan120.png,40
S_22_hppscan123.png,20
S_22_hppscan126.png,30
S_22_hppscan14.png,21
S_22_hppscan17.png,43
S_22_hppscan19.png,35
S_23_hppscan1.png,33
S_23_hppscan110.png,33
S_23_hppscan117.png,42
S_23_hppscan118.png,25
S_23_hppscan12.png,27
S_23_hppscan123.png,31
S_23_hppscan126.png,28
S_23_hppscan129.png,30
S_23_hppscan132.png,24
S_23_hppscan17.png,40
S_24_hppscan111.png,36
S_24_hppscan115.png,40
S_24_hppscan116.png,29
S_24_hppscan117.png,33
S_24_hppscan118.png,27
S_24_hppscan124.png,40
S_24_hppscan133.png,30
S_24_hppscan134.png,39
S_24_hppscan14.png,35
S_24_hppscan16.png,32
S_24_hppscan17.png,35
